frames_mean,frames_median,frames_std,frames_min,frames_max,distance_mean,distance_median,distance_std,distance_min,distance_max,fitness_mean,fitness_median,fitness_std,fitness_min,fitness_max,wins_mean,wins_median,wins_std,wins_min,wins_max
203.8,182.0,65.64876236457165,136.0,495.0,115.66666666666667,40.0,130.67814575428355,40.0,595.0,8470.493383636825,1e-05,16014.83511867675,1e-05,89846.28412437091,0.0,0.0,0.0,0.0,0.0
257.82022471910113,192.0,129.03100940748138,136.0,676.0,269.60674157303373,297.0,155.74176393377238,40.0,595.0,27056.083789023298,28085.87265142897,22815.704641617496,1e-05,90993.43800652545,0.0,0.0,0.0,0.0,0.0
332.12359550561797,363.0,145.66120613032834,138.0,681.0,390.0,350.0,155.80721305655086,40.0,898.0,47258.00783959753,32281.292821896022,31394.27180374415,1e-05,191693.87727977044,0.0,0.0,0.0,0.0,0.0
413.59550561797755,425.0,126.21942006788196,132.0,705.0,493.24719101123594,542.0,153.94711487229256,40.0,898.0,68818.04694946279,72190.13235659448,34034.74682141053,1e-05,191693.87727977044,0.0,0.0,0.0,0.0,0.0
444.9438202247191,462.0,120.1762151448009,152.0,833.0,555.4157303370787,594.0,139.5816227713299,40.0,898.0,83827.91720136265,89578.22514722905,32789.19571725077,1e-05,191693.87727977044,0.0,0.0,0.0,0.0,0.0
429.96629213483146,451.0,135.2145568785762,152.0,793.0,559.0449438202247,594.0,182.32794938275492,51.0,1140.0,88230.74739943673,90408.72396756991,45416.239394223914,82.26712428982046,298170.09789781563,0.0,0.0,0.0,0.0,0.0
467.02247191011236,463.0,141.85520213026294,146.0,806.0,612.8651685393259,594.0,214.3694275856484,61.0,1325.0,105091.47419714871,90211.33887770797,71564.30823069427,509.78514802214477,396475.97053050064,0.0,0.0,0.0,0.0,0.0
441.0112359550562,445.0,158.82012257402232,166.0,806.0,586.314606741573,594.0,254.33166859793855,40.0,1325.0,101856.7739600761,90929.02528749341,76554.28009274355,1e-05,396475.97053050064,0.0,0.0,0.0,0.0,0.0
465.7977528089888,484.0,164.7890841109967,158.0,808.0,622.943820224719,595.0,236.79970009995444,61.0,1411.0,110134.76025653546,90669.98168502894,77765.69644815783,509.78514802214477,450282.81688910426,0.0,0.0,0.0,0.0,0.0
419.7977528089888,431.0,171.91389141766834,134.0,785.0,550.0224719101124,594.0,265.8051993272428,40.0,1411.0,93453.2665887224,89138.0720519762,74426.41486990252,1e-05,450282.81688910426,0.0,0.0,0.0,0.0,0.0
451.7191011235955,484.0,168.55466147457923,154.0,799.0,578.4831460674158,595.0,286.053311302205,40.0,1413.0,102714.15894545632,89746.01390270611,85767.16982327563,1e-05,450282.81688910426,0.0,0.0,0.0,0.0,0.0
462.7303370786517,473.0,154.88072714659953,152.0,808.0,637.9325842696629,678.0,241.82405144983758,40.0,1430.0,115357.34723509042,121028.20972049989,82984.30431850634,1e-05,459244.886574575,0.0,0.0,0.0,0.0,0.0
450.4269662921348,441.0,145.45387219232234,150.0,848.0,585.5842696629213,595.0,255.3244602016728,40.0,1430.0,101506.03284904777,90506.95388679887,80975.8333952558,1e-05,459244.886574575,0.0,0.0,0.0,0.0,0.0
427.64044943820227,433.0,152.33760903955363,132.0,854.0,574.9775280898876,595.0,245.50598873805345,40.0,1430.0,97897.05044485642,90343.06577360877,75822.48085578892,1e-05,459244.886574575,0.0,0.0,0.0,0.0,0.0
431.6179775280899,418.0,135.6106046048865,158.0,806.0,600.8988764044943,678.0,228.13208498802777,40.0,1430.0,104087.691147977,121351.20349937458,65941.66510606058,1e-05,459244.886574575,0.0,0.0,0.0,0.0,0.0
406.8988764044944,418.0,155.9965459819162,132.0,860.0,575.3370786516854,595.0,244.47990858928523,40.0,1430.0,98681.91791127641,90896.76656931291,73947.67702753337,1e-05,459244.886574575,0.0,0.0,0.0,0.0,0.0
415.13483146067415,433.0,143.64126594106364,132.0,788.0,564.9101123595506,595.0,246.8286327448337,40.0,1430.0,95850.06321429407,90767.38351712497,69488.99820890331,1e-05,459244.886574575,0.0,0.0,0.0,0.0,0.0
405.91011235955057,406.0,147.42361499193657,132.0,772.0,565.0674157303371,595.0,242.650430475974,40.0,1430.0,95627.16912588869,90474.24494457476,73010.04583981601,1e-05,459244.886574575,0.0,0.0,0.0,0.0,0.0
427.55056179775283,434.0,132.20753273988413,132.0,772.0,611.5505617977528,681.0,205.18076498519324,40.0,1430.0,105363.0498903037,121139.33964506691,59073.63891862913,1e-05,459244.886574575,0.0,0.0,0.0,0.0,0.0
429.6741573033708,418.0,142.29639704874438,132.0,794.0,663.1910112359551,693.0,234.9855303412615,271.0,1530.0,123641.5420209275,125135.8924411061,88136.9199291178,22546.654272212087,520189.8512163266,0.0,0.0,0.0,0.0,0.0
413.2696629213483,388.0,132.04729864583243,132.0,794.0,630.6516853932584,722.0,230.12835212597258,61.0,1530.0,113680.31519025298,125644.80085825661,75117.6826246839,509.78514802214477,520189.8512163266,0.0,0.0,0.0,0.0,0.0
446.4269662921348,459.0,124.75160827500828,132.0,794.0,690.7977528089888,722.0,227.94865279171287,296.0,1530.0,131596.61876861702,129356.22828921153,85116.86533499708,27356.612161781435,520189.8512163266,0.0,0.0,0.0,0.0,0.0
440.5842696629214,411.0,117.19970558201736,132.0,794.0,704.0112359550562,722.0,259.4001071782554,302.0,1530.0,139220.19673716952,130669.63412576556,99968.37847159909,29273.10493261223,520189.8512163266,0.0,0.0,0.0,0.0,0.0
468.96629213483146,474.0,128.0431326061654,142.0,794.0,726.4719101123595,722.0,257.8266158054668,40.0,1530.0,145889.45521630705,130328.57094494309,98954.64877902859,1e-05,520189.8512163266,0.0,0.0,0.0,0.0,0.0
485.0561797752809,521.0,144.39679721545087,132.0,794.0,746.5505617977528,723.0,284.2335647906787,40.0,1530.0,155243.9662119383,129776.05469762227,100887.3165744779,1e-05,520189.8512163266,0.0,0.0,0.0,0.0,0.0
450.1573033707865,488.0,146.71579948133498,132.0,794.0,660.2921348314607,692.0,258.43988292097356,40.0,1530.0,124489.65208793894,124519.34847507799,87347.28405854959,1e-05,520189.8512163266,0.0,0.0,0.0,0.0,0.0
487.5842696629214,515.0,120.67858778718495,178.0,794.0,717.2921348314607,722.0,273.6292169434862,40.0,1530.0,141698.5920122519,129531.71852110361,98890.51230342902,1e-05,520189.8512163266,0.0,0.0,0.0,0.0,0.0
470.30337078651684,493.0,121.03480829950725,132.0,794.0,734.629213483146,722.0,227.4692413839416,312.0,1530.0,145848.63128764046,130362.82550537107,87698.5568232097,31565.35427645576,520189.8512163266,0.0,0.0,0.0,0.0,0.0
483.7191011235955,511.0,121.08219779930955,168.0,794.0,804.4943820224719,723.0,275.51769957196416,298.0,1530.0,175427.9175431256,130737.45004227702,112631.15184995913,28582.819059564383,520189.8512163266,0.0,0.0,0.0,0.0,0.0
489.46067415730334,505.0,107.10134402368789,174.0,794.0,748.9887640449438,723.0,265.968887864644,299.0,1530.0,153900.12859615724,129741.24629471503,106400.89638326805,27888.937162763377,520189.8512163266,0.0,0.0,0.0,0.0,0.0
490.9438202247191,511.0,117.77605482874633,142.0,794.0,768.0112359550562,722.0,279.5458393148567,298.0,1530.0,162050.04256105184,130635.67643284428,114475.93344414457,28582.819059564383,520189.8512163266,0.0,0.0,0.0,0.0,0.0
491.19101123595505,514.0,127.30339557900132,150.0,794.0,821.7640449438202,723.0,312.49780304744723,297.0,1668.0,185646.55577075708,135022.05585615162,131948.58406300592,28085.87265142897,612767.0865224139,0.0,0.0,0.0,0.0,0.0
458.2134831460674,507.0,173.76391525622074,132.0,1159.0,760.1910112359551,722.0,349.71712088244016,295.0,2162.0,168088.2142206975,129250.5501546928,152009.02796492304,27785.87665139628,969372.4872754443,0.0,0.0,0.0,0.0,0.0
469.44943820224717,510.0,178.32472660195475,132.0,1159.0,786.2359550561798,723.0,354.9436740398986,298.0,2163.0,177980.8788403112,130737.45004227702,157832.17667731922,28582.819059564383,969474.5754694352,0.0,0.0,0.0,0.0,0.0
476.7415730337079,506.0,170.4615366078052,132.0,1157.0,864.4606741573034,724.0,399.46571216444994,298.0,2163.0,214094.69517589975,135137.77952590756,177194.9903555136,28582.819059564383,969474.5754694352,0.0,0.0,0.0,0.0,0.0
450.29213483146066,504.0,190.24196315450675,132.0,1157.0,807.1797752808989,723.0,398.357542574246,299.0,2163.0,192640.1238261278,131474.5992759512,168039.04679557998,28732.639856926755,969474.5754694352,0.0,0.0,0.0,0.0,0.0
474.3258426966292,516.0,192.97562140268013,132.0,1157.0,827.438202247191,898.0,405.54873230097195,298.0,2163.0,198213.73147543703,194510.35382979122,173418.33981663387,1e-05,969474.5754694352,0.0,0.0,0.0,0.0,0.0
471.4831460674157,513.0,172.92754294560302,132.0,1157.0,793.3483146067416,723.0,362.37825855373876,299.0,2163.0,174733.09279974716,130533.60480299419,161295.4095914146,1e-05,969474.5754694352,0.0,0.0,0.0,0.0,0.0
456.0449438202247,517.0,199.2479630737584,132.0,1157.0,798.9775280898876,723.0,434.5120724077145,298.0,2163.0,194723.14055416628,130499.51484979322,188556.44086958747,28582.819059564383,969474.5754694352,0.0,0.0,0.0,0.0,0.0
470.9325842696629,505.0,201.48157959424842,150.0,1157.0,823.5842696629213,722.0,454.0146463258638,298.0,2163.0,206338.20461567483,130533.60480299419,210632.70233658564,28582.819059564383,970490.5939048587,0.0,0.0,0.0,0.0,0.0
467.5168539325843,492.0,206.1977403923507,166.0,1137.0,839.7078651685393,723.0,464.10150483711175,298.0,2163.0,214571.24221598922,134905.71167673144,209276.17409886606,28582.819059564383,970490.5939048587,0.0,0.0,0.0,0.0,0.0
493.9438202247191,516.0,168.7705948847886,132.0,1137.0,859.5056179775281,724.0,398.4534744694202,299.0,2163.0,206822.24228520595,134963.9611231718,179874.8628615384,1e-05,970490.5939048587,0.0,0.0,0.0,0.0,0.0
454.07865168539325,472.0,187.5137882402372,148.0,1137.0,748.7865168539325,677.0,403.8979310353165,298.0,2163.0,169426.09991473632,91281.55985540849,175565.4706494902,1e-05,970490.5939048587,0.0,0.0,0.0,0.0,0.0
515.5730337078652,517.0,157.6790145592293,148.0,1137.0,866.2134831460675,724.0,388.23745982512196,295.0,2163.0,209233.82152018588,130567.66173927844,185022.02528818542,1e-05,970490.5939048587,0.0,0.0,0.0,0.0,0.0
473.6292134831461,508.0,199.51234829979944,132.0,1137.0,826.8876404494382,722.0,451.6247183799132,299.0,2163.0,205114.29130593542,129426.52052657725,204218.98588501543,1e-05,970490.5939048587,0.0,0.0,0.0,0.0,0.0
478.0561797752809,514.0,199.29715601180726,132.0,1137.0,835.2696629213483,723.0,446.1567912047161,298.0,2163.0,209451.20061867379,134013.6755990225,203972.3787157476,28582.819059564383,970743.2114006431,0.0,0.0,0.0,0.0,0.0
507.19101123595505,518.0,171.2743299475359,132.0,1132.0,898.4943820224719,723.0,442.10050521347665,298.0,2163.0,230999.38889739366,133770.10315810755,203638.4156564947,1e-05,970743.2114006431,0.0,0.0,0.0,0.0,0.0
481.70786516853934,516.0,179.9696105587162,132.0,1132.0,911.5955056179776,898.0,440.1867509479785,295.0,2163.0,239444.46261807455,194139.2753555299,193243.96607639993,27660.845914293423,970743.2114006431,0.0,0.0,0.0,0.0,0.0
530.8314606741573,583.0,194.97474546662843,132.0,1153.0,995.5505617977528,900.0,465.9193162353944,297.0,2164.0,277681.98385820125,195206.99516551668,222720.80555892814,28331.349276154993,970793.6680648072,0.0,0.0,0.0,0.0,0.0
520.943820224719,517.0,135.21737468560227,132.0,1131.0,897.0898876404494,724.0,383.89437453108974,299.0,2163.0,223491.29259214405,134963.9611231718,177295.22981003617,28754.700086970013,970793.6680648072,0.0,0.0,0.0,0.0,0.0
481.85393258426967,515.0,182.4901752357329,132.0,1131.0,855.123595505618,723.0,427.62849623425086,300.0,2163.0,214298.03460171015,134788.7502795916,193652.4063889732,29006.186613065598,970793.6680648072,0.0,0.0,0.0,0.0,0.0
517.1011235955057,524.0,173.87520030078014,132.0,1131.0,931.3370786516854,898.0,445.00715671104655,300.0,2163.0,247010.96727792482,194547.2946598132,207563.81423132255,29045.416647656588,970793.6680648072,0.0,0.0,0.0,0.0,0.0
534.7528089887641,559.0,163.8075248233084,132.0,1131.0,978.2584269662922,898.0,457.8678119452197,294.0,2163.0,266414.0505699017,193877.7224094213,221243.71271442994,1e-05,970793.6680648072,0.0,0.0,0.0,0.0,0.0
545.6629213483146,516.0,174.76423565299575,148.0,1150.0,969.3033707865169,724.0,478.5621114160834,300.0,2163.0,262828.11177470215,134963.9611231718,244752.57443787373,1e-05,970793.6680648072,0.0,0.0,0.0,0.0,0.0
548.7191011235955,516.0,184.30049892718685,164.0,1131.0,993.5955056179776,724.0,499.70075807451997,300.0,2163.0,279512.88454698125,134963.9611231718,253549.93397553675,1e-05,970793.6680648072,0.0,0.0,0.0,0.0,0.0
553.0337078651686,516.0,187.75291253972762,166.0,1149.0,1042.6629213483145,898.0,496.6735175215164,299.0,2164.0,303384.83998733363,195243.35276335006,250999.27931455086,28833.845087020323,970793.6680648072,0.0,0.0,0.0,0.0,0.0
536.0112359550562,502.0,199.74019610776656,132.0,1147.0,948.7977528089888,723.0,497.96331663492174,300.0,2163.0,261938.86683906522,134963.9611231718,257394.1946205502,29006.186613065598,970793.6680648072,0.0,0.0,0.0,0.0,0.0
549.9101123595506,514.0,210.54822183520074,166.0,1142.0,1016.9101123595506,724.0,535.1275105938485,300.0,2163.0,298091.0102357247,135137.77952590756,283049.515715532,29006.186613065598,970793.6680648072,0.0,0.0,0.0,0.0,0.0
561.1573033707865,516.0,205.13606878441368,132.0,1161.0,997.438202247191,898.0,519.4500972031948,300.0,2164.0,286061.2654448148,194878.38809631616,270468.24243813154,29006.186613065598,971597.9349760046,0.0,0.0,0.0,0.0,0.0
557.6629213483146,516.0,192.2902151109639,278.0,1192.0,1006.6966292134831,724.0,525.6005960973135,434.0,2354.0,289080.9001428055,134963.9611231718,284555.6685518331,1e-05,1134220.498297872,0.0,0.0,0.0,0.0,0.0
534.438202247191,516.0,215.66135308567831,132.0,1192.0,977.6404494382023,724.0,518.2550941703379,300.0,2354.0,277832.2673271555,134963.9611231718,274495.420460997,29006.186613065598,1134220.498297872,0.0,0.0,0.0,0.0,0.0
559.8426966292135,516.0,229.79883234154426,132.0,1205.0,1027.1011235955057,724.0,583.6799193059367,299.0,2387.0,311940.100636354,134963.9611231718,309719.0304187842,28593.706505590115,1162400.3919803856,0.0,0.0,0.0,0.0,0.0
567.6179775280899,515.0,231.5865895099572,132.0,1259.0,1100.8202247191011,724.0,557.6439716714622,312.0,2387.0,338609.58985349146,135137.77952590756,305514.7325164603,1e-05,1162400.3919803856,0.0,0.0,0.0,0.0,0.0
550.3483146067416,516.0,254.31671403288712,132.0,1282.0,988.4943820224719,724.0,575.6816013633002,298.0,2387.0,292870.21655634796,134730.03913889604,309831.12173878466,28542.906708560095,1162400.3919803856,0.0,0.0,0.0,0.0,0.0
546.5730337078652,515.0,217.8520210901056,132.0,1215.0,1020.3932584269663,724.0,542.3878876124618,300.0,2387.0,300971.9415247395,134963.9611231718,292046.4977732611,29006.186613065598,1162400.3919803856,0.0,0.0,0.0,0.0,0.0
593.943820224719,554.0,228.07323678637718,132.0,1205.0,1148.1011235955057,899.0,571.0202783731453,300.0,2387.0,365870.77992860967,195061.2557416775,312584.8683751781,29006.186613065598,1162400.3919803856,0.0,0.0,0.0,0.0,0.0
587.7078651685393,556.0,268.54004795164064,132.0,1221.0,1105.5168539325844,724.0,611.5722620740879,300.0,2387.0,352983.2674864573,135137.77952590756,338649.2931427216,28927.041613015288,1162400.3919803856,0.0,0.0,0.0,0.0,0.0
619.6179775280899,517.0,267.64786968836233,132.0,1307.0,1164.438202247191,724.0,636.2327316931021,312.0,2387.0,386024.0884492783,134963.9611231718,359473.88201893057,31849.287446737995,1162400.3919803856,0.0,0.0,0.0,0.0,0.0
644.7977528089888,581.0,270.2013888875257,132.0,1442.0,1175.2921348314608,899.0,631.0898047215883,298.0,2387.0,389530.25290293386,195243.35276335006,356475.9489307562,28582.819059564383,1162400.3919803856,0.0,0.0,0.0,0.0,0.0
629.123595505618,581.0,263.39583661596265,132.0,1233.0,1205.2022471910113,900.0,621.6055901115043,299.0,2387.0,401505.27454680856,195460.84735173231,349237.5586088595,1e-05,1162400.3919803856,0.0,0.0,0.0,0.0,0.0
678.0898876404494,587.0,266.52649763707177,278.0,1253.0,1245.6516853932585,900.0,645.0180574272878,434.0,2388.0,423212.1864006943,195279.67940536494,378951.6777498399,1e-05,1162400.3919803856,0.0,0.0,0.0,0.0,0.0
634.3932584269663,586.0,256.84659077065095,132.0,1220.0,1179.2921348314608,899.0,618.468318286924,300.0,2386.0,389446.7890783352,195279.67940536494,347119.5511079948,29006.186613065598,1162400.3919803856,0.0,0.0,0.0,0.0,0.0
667.7303370786517,586.0,276.05233846871084,132.0,1218.0,1249.4719101123596,900.0,651.3239255182717,301.0,2386.0,429542.111870417,195279.67940536494,375296.98002637347,1e-05,1162400.3919803856,0.0,0.0,0.0,0.0,0.0
706.4044943820224,625.0,298.0589911862944,166.0,1247.0,1380.123595505618,1435.0,691.8464598810879,299.0,2386.0,512398.544708868,468308.1052514472,395931.7907595051,28912.075064715173,1162400.3919803856,0.0,0.0,0.0,0.0,0.0
668.4157303370787,581.0,314.732124693928,132.0,1246.0,1245.9325842696628,899.0,698.0672643574392,300.0,2387.0,438256.0036012811,195460.84735173231,398479.47659576545,1e-05,1162400.3919803856,0.0,0.0,0.0,0.0,0.0
572.7528089887641,526.0,249.82075735758292,132.0,1205.0,1094.8651685393259,899.0,585.1265337276739,300.0,2386.0,341199.15751970245,195170.60663819904,312283.3252121635,1e-05,1162400.3919803856,0.0,0.0,0.0,0.0,0.0
589.1460674157304,581.0,266.10298549439307,132.0,1205.0,1151.9887640449438,900.0,585.7609378221184,300.0,2387.0,366131.82029264135,195279.67940536494,324541.63182802015,1e-05,1162400.3919803856,0.0,0.0,0.0,0.0,0.0
627.2808988764045,554.0,296.1229621901528,132.0,1238.0,1183.9101123595506,900.0,652.3359174716527,299.0,2388.0,399445.5024821535,195243.35276335006,360701.60688926943,28833.845087020323,1162400.3919803856,0.0,0.0,0.0,0.0,0.0
605.9887640449438,536.0,300.892399087796,132.0,1222.0,1139.5056179775281,899.0,657.8835169530779,300.0,2387.0,379321.12828821305,194176.51948156295,355583.523061895,29006.186613065598,1162400.3919803856,0.0,0.0,0.0,0.0,0.0
664.1123595505618,570.0,287.88041517746063,132.0,1223.0,1190.2808988764045,899.0,668.7926735520844,300.0,2387.0,404759.35321288346,195279.67940536494,379240.34550145594,29006.186613065598,1162400.3919803856,0.0,0.0,0.0,0.0,0.0
589.8988764044943,517.0,307.9084952699612,132.0,1239.0,1088.6404494382023,724.0,663.9201801081618,299.0,2387.0,356001.01246565115,134963.9611231718,370601.6364429817,28833.845087020323,1162400.3919803856,0.0,0.0,0.0,0.0,0.0
672.5168539325842,557.0,316.35970539733887,132.0,1259.0,1295.3483146067415,1124.0,693.6544990628931,300.0,2388.0,465927.5573365537,300757.2537676709,397564.38282555045,28966.727828686002,1162400.3919803856,0.0,0.0,0.0,0.0,0.0
617.6404494382023,536.0,329.9806002874868,132.0,1244.0,1136.3033707865168,724.0,704.6774926449142,300.0,2387.0,387414.20534423663,134963.9611231718,399933.2256851438,29006.186613065598,1162400.3919803856,0.0,0.0,0.0,0.0,0.0
652.1348314606741,586.0,291.1189258902424,132.0,1233.0,1196.561797752809,899.0,678.2390277515054,300.0,2404.0,410674.8409794414,193915.17738138523,385965.9509492669,29006.186613065598,1176631.8469413863,0.0,0.0,0.0,0.0,0.0
555.3033707865169,516.0,277.24902222679964,132.0,1235.0,1001.943820224719,724.0,603.2432821988075,298.0,2402.0,303872.31538651884,134314.79656610847,334829.590878848,28661.964059614693,1176631.8469413863,0.0,0.0,0.0,0.0,0.0
569.5280898876405,517.0,300.50639245711136,132.0,1241.0,1091.5955056179776,724.0,640.6785854603233,299.0,2402.0,353050.82442256116,134963.9611231718,356502.63527783024,28833.845087020323,1176631.8469413863,0.0,0.0,0.0,0.0,0.0
609.9325842696629,541.0,266.17860852235026,132.0,1242.0,1129.1685393258426,899.0,594.1483988946721,312.0,2402.0,359611.2809891046,195061.2557416775,342108.0096957965,31849.287446737995,1176631.8469413863,0.0,0.0,0.0,0.0,0.0
635.2584269662922,586.0,279.97634442970747,132.0,1219.0,1185.1460674157304,899.0,633.5197654935887,300.0,2402.0,395558.54718483816,195279.67940536494,355799.93161150813,29006.186613065598,1176631.8469413863,0.0,0.0,0.0,0.0,0.0
641.314606741573,562.0,298.7556814562251,132.0,1239.0,1231.9662921348315,1124.0,656.6181050979569,299.0,2403.0,424919.7484347523,300757.2537676709,367763.5712156955,28833.845087020323,1176631.8469413863,0.0,0.0,0.0,0.0,0.0
651.7640449438202,586.0,281.0409231855509,172.0,1255.0,1241.4831460674156,1124.0,638.4189232988456,299.0,2402.0,425274.65576838434,300068.5696836042,367201.1587229641,28754.700086970013,1176631.8469413863,0.0,0.0,0.0,0.0,0.0
660.2696629213483,593.0,297.9311346431823,132.0,1264.0,1282.370786516854,1128.0,654.3602997150741,300.0,2404.0,450509.96982638026,302814.0727179788,375529.16615939635,29006.186613065598,1176631.8469413863,0.0,0.0,0.0,0.0,0.0
649.1910112359551,586.0,283.37381022899154,132.0,1246.0,1211.2808988764045,900.0,637.7970863393876,299.0,2402.0,409224.2646361855,195279.67940536494,364798.3014776445,28833.845087020323,1176631.8469413863,0.0,0.0,0.0,0.0,0.0
689.9775280898876,613.0,259.18762357434116,148.0,1248.0,1315.0224719101125,1127.0,617.3383057648992,300.0,2404.0,459655.7365736927,301813.13128424296,352684.4596355614,29006.186613065598,1176631.8469413863,0.0,0.0,0.0,0.0,0.0
698.0337078651686,611.0,271.86420310735207,172.0,1259.0,1338.0786516853932,1128.0,637.4032330121662,300.0,2404.0,476274.37532411725,302745.9258284936,370578.0658008552,29006.186613065598,1176631.8469413863,0.0,0.0,0.0,0.0,0.0
722.2696629213483,627.0,323.8328658964649,132.0,1247.0,1354.6067415730338,1128.0,716.3324289173262,300.0,2404.0,502584.3016593212,302057.2417444269,416334.36403470836,29006.186613065598,1176631.8469413863,0.0,0.0,0.0,0.0,0.0
674.8089887640449,607.0,334.754643552373,132.0,1286.0,1292.5842696629213,1125.0,719.2470908735638,300.0,2403.0,470724.0106484575,301219.76897166984,407180.5549984978,28966.727828686002,1176631.8469413863,0.0,0.0,0.0,0.0,0.0
746.2022471910112,654.0,317.91021203525133,148.0,1265.0,1391.1460674157304,1433.0,713.1070258731878,299.0,2402.0,522078.52463932603,465892.0350933354,412801.7076460859,28794.386302640727,1176631.8469413863,0.0,0.0,0.0,0.0,0.0
744.2022471910112,664.0,305.71596495915156,148.0,1301.0,1422.191011235955,1545.0,686.5859337428813,300.0,2402.0,534122.7658855241,535020.9816593179,399504.38653376885,28966.727828686002,1176631.8469413863,0.0,0.0,0.0,0.0,0.0
659.6629213483146,561.0,316.7839423854427,132.0,1244.0,1207.0224719101125,899.0,711.9374574463953,300.0,2404.0,423867.93084229075,195243.35276335006,402550.21798996883,29006.186613065598,1176631.8469413863,0.0,0.0,0.0,0.0,0.0
768.1910112359551,676.0,321.4153697619361,132.0,1268.0,1461.6404494382023,1547.0,711.2648212897166,300.0,2402.0,562402.4721729169,535914.3638759556,419568.8752472885,28966.727828686002,1176631.8469413863,0.0,0.0,0.0,0.0,0.0
752.4044943820224,657.0,287.1511256613224,148.0,1240.0,1385.0786516853932,1127.0,700.3392472435361,316.0,2402.0,510513.81359220395,302452.2718262478,418995.9154753338,1e-05,1176631.8469413863,0.0,0.0,0.0,0.0,0.0
705.4044943820224,606.0,300.67712793077465,148.0,1262.0,1307.0224719101125,1125.0,686.0783847759752,316.0,2402.0,469191.0388665247,300565.2078257741,401592.11326876463,32281.292821896022,1176631.8469413863,0.0,0.0,0.0,0.0,0.0
677.0674157303371,581.0,291.587549161321,172.0,1254.0,1265.258426966292,900.0,670.4575919875211,300.0,2402.0,441619.3718638313,195279.67940536494,392897.8258616617,1e-05,1176631.8469413863,0.0,0.0,0.0,0.0,0.0
700.9662921348314,587.0,309.35897658201173,148.0,1238.0,1247.112359550562,899.0,685.117580955913,300.0,2404.0,436217.9422030777,195243.35276335006,400833.1557124372,29006.186613065598,1176631.8469413863,0.0,0.0,0.0,0.0,0.0
736.9213483146067,623.0,297.028399683274,278.0,1303.0,1383.7752808988764,1435.0,664.3225450662864,594.0,2404.0,504196.9991324619,468270.7706170666,395323.2640053743,1e-05,1176631.8469413863,0.0,0.0,0.0,0.0,0.0
666.6741573033707,557.0,301.819827766962,172.0,1299.0,1189.2808988764045,724.0,681.2418268968801,300.0,2402.0,406576.87154504965,134905.71167673144,394688.22404686426,29006.186613065598,1176631.8469413863,0.0,0.0,0.0,0.0,0.0
714.2696629213483,609.0,333.98973152636734,132.0,1287.0,1331.112359550562,1125.0,730.221921604016,299.0,2404.0,493036.4680087727,300321.09736559016,419740.92920342466,28833.845087020323,1176631.8469413863,0.0,0.0,0.0,0.0,0.0
683.4831460674158,586.0,312.3151718534941,172.0,1268.0,1249.191011235955,898.0,704.596703140531,298.0,2404.0,443013.20962957677,194102.0010356288,406629.3003643242,28542.906708560095,1176631.8469413863,0.0,0.0,0.0,0.0,0.0
690.8988764044943,607.0,301.67059365703716,172.0,1258.0,1294.8426966292134,1126.0,669.6714757013391,299.0,2402.0,459418.55089201994,300607.59678195755,387065.887783118,28833.845087020323,1176631.8469413863,0.0,0.0,0.0,0.0,0.0
653.2247191011236,544.0,297.44918375590805,172.0,1270.0,1179.5280898876404,898.0,659.5813294127075,300.0,2404.0,397136.07714318,193915.17738138523,383548.3711290216,29006.186613065598,1176631.8469413863,0.0,0.0,0.0,0.0,0.0
664.9213483146067,586.0,273.8957082220379,172.0,1241.0,1209.7191011235955,899.0,632.3458374769878,300.0,2402.0,406582.81949418917,195279.67940536494,363869.5659317683,29006.186613065598,1176631.8469413863,0.0,0.0,0.0,0.0,0.0
676.7640449438202,592.0,301.20563070045836,132.0,1304.0,1255.7078651685392,900.0,660.3521396687569,300.0,2402.0,436583.5319783416,195243.35276335006,379214.5752878248,29006.186613065598,1176631.8469413863,0.0,0.0,0.0,0.0,0.0
702.685393258427,587.0,320.2372573930119,168.0,1255.0,1286.6404494382023,900.0,685.6625475774215,298.0,2402.0,457765.3087833715,195279.67940536494,400237.9399502958,28740.194037309542,1176631.8469413863,0.0,0.0,0.0,0.0,0.0
710.7303370786517,586.0,349.14977836359435,132.0,1287.0,1314.123595505618,900.0,729.3643195049012,300.0,2404.0,482841.62034143024,195279.67940536494,428543.7901039629,29006.186613065598,1176631.8469413863,0.0,0.0,0.0,0.0,0.0
719.2359550561798,606.0,335.98284541788604,172.0,1284.0,1347.943820224719,1126.0,700.633298748884,300.0,2403.0,494551.6776693835,300677.8890193233,416791.775621442,29006.186613065598,1176631.8469413863,0.0,0.0,0.0,0.0,0.0
793.6741573033707,651.0,342.45789621568025,132.0,1322.0,1447.2134831460673,1436.0,754.770364243028,300.0,2403.0,563034.9855692278,467433.7270022982,446902.0098181576,29006.186613065598,1176631.8469413863,0.0,0.0,0.0,0.0,0.0
722.3258426966293,548.0,357.2498189675955,278.0,1269.0,1312.0449438202247,899.0,739.2461983671459,594.0,2402.0,482992.356754519,195243.35276335006,445800.6739135513,89611.84991349911,1176631.8469413863,0.0,0.0,0.0,0.0,0.0
715.5056179775281,586.0,343.4152046392633,148.0,1252.0,1333.6404494382023,1125.0,727.8874194836003,300.0,2404.0,493191.3242340416,300677.8890193233,431189.05495421414,28966.727828686002,1176631.8469413863,0.0,0.0,0.0,0.0,0.0
738.1011235955057,639.0,342.1326388741758,148.0,1266.0,1421.6516853932585,1434.0,712.9896874480527,298.0,2402.0,539817.0934063828,466914.3460949366,419090.1310212107,28502.76949627481,1176631.8469413863,0.0,0.0,0.0,0.0,0.0
694.6516853932584,587.0,341.18600486082335,172.0,1268.0,1321.056179775281,1125.0,712.5115155316307,300.0,2402.0,483214.29365001863,300677.8890193233,421533.25459997525,29006.186613065598,1176631.8469413863,0.0,0.0,0.0,0.0,0.0
690.4157303370787,548.0,350.2603464772372,132.0,1253.0,1302.8426966292134,1125.0,738.7751311168867,312.0,2404.0,479949.5093775233,300677.8890193233,432389.99842565396,31849.287446737995,1176631.8469413863,0.0,0.0,0.0,0.0,0.0
708.9775280898876,586.0,332.6532417853374,176.0,1225.0,1322.0112359550562,1124.0,715.8761661537642,299.0,2404.0,483809.00961179956,300677.8890193233,429671.45445623633,28754.700086970013,1176631.8469413863,0.0,0.0,0.0,0.0,0.0
873.4719101123595,1114.0,364.22980429195206,132.0,1253.0,1673.8539325842696,2148.0,738.5735956506975,312.0,2403.0,700008.7104370444,958282.3980086645,450079.4404681763,31849.287446737995,1176631.8469413863,0.0,0.0,0.0,0.0,0.0
825.0449438202247,802.0,338.7032080577218,278.0,1260.0,1575.2359550561798,1789.0,713.1043389699685,594.0,2403.0,630877.567147554,695349.2665928681,435000.2369534058,86418.84522271127,1176631.8469413863,0.0,0.0,0.0,0.0,0.0
761.8988764044943,619.0,345.7856400649715,132.0,1227.0,1438.1011235955057,1129.0,725.7161367382794,312.0,2402.0,551152.4054634041,303243.9767564025,440961.4154782594,31849.287446737995,1176631.8469413863,0.0,0.0,0.0,0.0,0.0
745.1348314606741,620.0,330.1189499957855,132.0,1263.0,1405.9775280898875,1416.0,712.6643784762542,300.0,2402.0,530274.0039492027,455594.57785227615,418592.52445215784,29006.186613065598,1176631.8469413863,0.0,0.0,0.0,0.0,0.0
721.8539325842696,586.0,319.0102513432176,174.0,1225.0,1368.4044943820224,1128.0,697.9419459953675,299.0,2402.0,505821.46883991244,302848.0966053066,409408.0474217561,28794.386302640727,1176631.8469413863,0.0,0.0,0.0,0.0,0.0
778.2808988764045,620.0,343.34124895015555,278.0,1297.0,1462.370786516854,1129.0,732.6171859634774,594.0,2403.0,567043.6279760781,303346.14753321547,436848.38400652877,89341.91729125903,1176631.8469413863,0.0,0.0,0.0,0.0,0.0
740.2134831460675,618.0,333.09108893224675,172.0,1261.0,1375.9775280898875,1128.0,720.5188669960422,300.0,2404.0,514612.53549549246,302745.9258284936,428055.40498954745,29006.186613065598,1176631.8469413863,0.0,0.0,0.0,0.0,0.0
757.9775280898876,633.0,332.2985315973497,278.0,1274.0,1458.0337078651685,1432.0,713.9332806368243,594.0,2402.0,560748.8040939114,465784.31433210726,431669.48741583206,89510.87532531463,1176631.8469413863,0.0,0.0,0.0,0.0,0.0
778.7865168539325,651.0,362.14369461381193,278.0,1263.0,1472.808988764045,1434.0,770.3340130129237,594.0,2404.0,582731.7322669433,466495.13694452937,461168.51012435614,87642.80079090173,1176631.8469413863,0.0,0.0,0.0,0.0,0.0
778.1797752808989,654.0,342.3955778420513,132.0,1248.0,1469.7078651685392,1522.0,751.412605311679,300.0,2402.0,576378.7716825367,519585.8741142818,446880.5058025821,29006.186613065598,1176631.8469413863,0.0,0.0,0.0,0.0,0.0
751.5505617977528,620.0,337.48954245091704,132.0,1295.0,1458.4157303370787,1437.0,721.9837342776812,312.0,2402.0,563405.5141916658,469478.65689371614,428888.4365012415,31849.287446737995,1176631.8469413863,0.0,0.0,0.0,0.0,0.0
699.9325842696629,587.0,289.8144620639409,172.0,1223.0,1327.7977528089887,1128.0,674.1445712280849,300.0,2402.0,478343.121315238,301319.0832452273,397131.640732299,29006.186613065598,1176631.8469413863,0.0,0.0,0.0,0.0,0.0
713.6629213483146,606.0,314.9551401558115,132.0,1239.0,1374.0112359550562,1128.0,682.1918655677352,312.0,2402.0,505653.9671611106,302745.9258284936,404797.3186865282,31849.287446737995,1176631.8469413863,0.0,0.0,0.0,0.0,0.0
702.1011235955057,586.0,300.05149539100444,132.0,1225.0,1330.8651685393259,1125.0,700.6859751365525,312.0,2402.0,486015.64527799626,301185.61308038305,413457.91923727235,31849.287446737995,1176631.8469413863,0.0,0.0,0.0,0.0,0.0
693.7191011235955,587.0,323.31631253271746,132.0,1239.0,1327.4719101123596,1129.0,719.7179705107598,296.0,2404.0,489122.8880549912,303243.9767564025,417943.96045563935,27914.913548486522,1176631.8469413863,0.0,0.0,0.0,0.0,0.0
620.6966292134831,517.0,283.3611030253428,172.0,1229.0,1154.887640449438,724.0,648.6125804439525,300.0,2402.0,383484.7340128578,134963.9611231718,376767.3630588357,29006.186613065598,1176631.8469413863,0.0,0.0,0.0,0.0,0.0
643.4494382022472,535.0,287.19214142310716,278.0,1225.0,1194.123595505618,898.0,633.3558174247111,594.0,2402.0,399144.4986302816,195243.35276335006,374361.60382698214,86528.28867194845,1176631.8469413863,0.0,0.0,0.0,0.0,0.0
673.8314606741573,587.0,313.8409471911234,174.0,1238.0,1298.426966292135,901.0,668.8484635087291,300.0,2402.0,461441.7469433796,195460.84735173231,395329.52513914136,28966.727828686002,1176631.8469413863,0.0,0.0,0.0,0.0,0.0
716.0898876404494,587.0,330.04329441737644,132.0,1233.0,1367.5955056179776,1128.0,706.6386600907543,300.0,2402.0,507484.8064482544,301532.21911001066,417168.40795267525,29006.186613065598,1176631.8469413863,0.0,0.0,0.0,0.0,0.0
686.0449438202247,586.0,322.2674550537094,132.0,1227.0,1292.112359550562,901.0,709.658304202555,300.0,2402.0,467065.9413884831,195279.67940536494,415846.85821989994,29006.186613065598,1176631.8469413863,0.0,0.0,0.0,0.0,0.0
704.2584269662922,587.0,330.8345772212542,172.0,1278.0,1332.3820224719102,1125.0,715.8514299693534,300.0,2402.0,490029.8322595644,300180.89758662484,425056.5807363515,28927.041613015288,1176631.8469413863,0.0,0.0,0.0,0.0,0.0
719.438202247191,620.0,308.86217263798386,172.0,1231.0,1367.8539325842696,1417.0,698.3055020332635,300.0,2402.0,505919.2861183438,456593.4488871351,408387.4175001681,29006.186613065598,1176631.8469413863,0.0,0.0,0.0,0.0,0.0
739.1460674157304,587.0,330.27297360104467,278.0,1232.0,1390.0,1127.0,718.2441761888595,594.0,2402.0,522143.74266694963,302452.2718262478,426415.18795301387,90145.27074277434,1176631.8469413863,0.0,0.0,0.0,0.0,0.0
753.1797752808989,654.0,316.6629925124118,172.0,1232.0,1437.5505617977528,1435.0,710.981755344164,300.0,2402.0,548373.0711428554,468308.1052514472,421137.3219064973,29006.186613065598,1176631.8469413863,0.0,0.0,0.0,0.0,0.0
680.4943820224719,589.0,301.1415779470486,278.0,1231.0,1308.3595505617977,1124.0,674.8496669411526,594.0,2402.0,468277.5486262908,300757.2537676709,395164.3624380492,89510.87532531463,1176631.8469413863,0.0,0.0,0.0,0.0,0.0
704.3483146067416,593.0,340.4023429435072,172.0,1225.0,1358.1460674157304,1128.0,711.3662997163805,300.0,2402.0,503826.92655053735,301602.6392679119,416267.90589520737,28966.727828686002,1176631.8469413863,0.0,0.0,0.0,0.0,0.0
717.9101123595506,626.0,331.55315944534385,174.0,1222.0,1396.6966292134832,1129.0,725.5919459387002,300.0,2402.0,529102.9235070719,303243.9767564025,423461.259225333,28966.727828686002,1176631.8469413863,0.0,0.0,0.0,0.0,0.0
745.5842696629213,623.0,328.8511089952229,174.0,1230.0,1464.8651685393259,1433.0,710.7775800750409,300.0,2402.0,564830.4731178124,466877.1058638047,423710.43426576967,28966.727828686002,1176631.8469413863,0.0,0.0,0.0,0.0,0.0
841.5730337078652,880.0,354.40727183425406,174.0,1300.0,1658.8426966292134,2021.0,725.5507926973406,300.0,2403.0,688482.3730791595,867774.6032502883,438607.1466914276,28966.727828686002,1176631.8469413863,0.0,0.0,0.0,0.0,0.0
804.2359550561798,716.0,333.75332418398943,278.0,1266.0,1559.4157303370787,1677.0,705.7475884683993,594.0,2402.0,620166.6921818752,620370.5992308212,424570.54237870616,89611.84991349911,1176631.8469413863,0.0,0.0,0.0,0.0,0.0
765.2134831460675,623.0,356.1280375708257,174.0,1250.0,1517.752808988764,1435.0,719.8936607005431,300.0,2404.0,598385.7375100522,468308.1052514472,436218.3481448484,28966.727828686002,1176631.8469413863,0.0,0.0,0.0,0.0,0.0
820.1910112359551,878.0,365.1740196650129,174.0,1241.0,1607.6516853932585,2021.0,745.3845414495735,300.0,2403.0,660287.8763268366,866861.4710891685,443092.08346631355,28966.727828686002,1176631.8469413863,0.0,0.0,0.0,0.0,0.0
814.314606741573,854.0,360.81152587240535,278.0,1260.0,1544.4494382022472,1955.0,761.9214476488537,594.0,2404.0,623448.1900261197,815622.2298165029,463035.6561966803,89645.44120562267,1176631.8469413863,0.0,0.0,0.0,0.0,0.0
769.4494382022472,632.0,355.12896885801405,172.0,1246.0,1454.0,1125.0,763.910151196542,300.0,2402.0,570095.7332143997,300565.2078257741,456838.4939235712,29006.186613065598,1176631.8469413863,0.0,0.0,0.0,0.0,0.0
735.9887640449438,606.0,317.53412607477,278.0,1239.0,1398.876404494382,1127.0,710.6410276063502,436.0,2404.0,525717.7955369338,300893.2981336478,427197.6780040121,51492.89392051346,1176631.8469413863,0.0,0.0,0.0,0.0,0.0
786.8988764044943,656.0,337.4865472123287,172.0,1241.0,1475.561797752809,1524.0,767.200777305323,299.0,2404.0,583797.4696096386,521955.1604365801,453494.3516665146,28754.700086970013,1176631.8469413863,0.0,0.0,0.0,0.0,0.0
677.3258426966293,556.0,326.932071262205,278.0,1236.0,1239.1011235955057,898.0,704.6895410920899,594.0,2402.0,437284.044904042,193463.74138961392,416633.06069752655,89308.02592203059,1176631.8469413863,0.0,0.0,0.0,0.0,0.0
652.5730337078652,537.0,313.8218519772596,172.0,1266.0,1225.258426966292,899.0,700.3051426100375,299.0,2404.0,430369.3661238345,193614.69827432814,405523.5684399196,28754.700086970013,1176631.8469413863,0.0,0.0,0.0,0.0,0.0
769.8089887640449,848.0,334.40196078952096,132.0,1232.0,1480.2134831460673,1948.0,751.8039798297609,300.0,2402.0,583842.6954299542,811986.5230654621,436605.11121870537,28966.727828686002,1176631.8469413863,0.0,0.0,0.0,0.0,0.0
868.0,880.0,343.80056931406347,278.0,1261.0,1690.2022471910113,2026.0,718.9289502451325,594.0,2402.0,706948.4984216916,871658.7188584148,436386.798829584,89779.47096333282,1176631.8469413863,0.0,0.0,0.0,0.0,0.0
780.4157303370787,716.0,366.5389845136351,172.0,1259.0,1515.1011235955057,1675.0,757.2433899161955,300.0,2404.0,605658.3463982458,619003.7465525671,450130.9581618637,28966.727828686002,1176631.8469413863,0.0,0.0,0.0,0.0,0.0
847.5730337078652,876.0,343.45442389826775,278.0,1284.0,1636.8426966292134,2021.0,720.1673010820364,594.0,2402.0,672103.5895080337,868746.2772359621,437947.1715044899,89611.84991349911,1176631.8469413863,0.0,0.0,0.0,0.0,0.0
809.3932584269663,852.0,338.41459905480974,278.0,1317.0,1595.056179775281,1955.0,720.7274315243579,594.0,2596.0,646306.6396977915,817214.972575705,439907.3808640442,90145.27074277434,1351543.12250741,0.0,0.0,0.0,0.0,0.0
740.2808988764045,619.0,329.58963210362555,174.0,1317.0,1437.7752808988764,1346.0,695.2391998491912,298.0,2596.0,544763.1691407604,409876.06525363744,420625.855024031,28622.505275235097,1351543.12250741,0.0,0.0,0.0,0.0,0.0
776.1573033707865,620.0,349.34107794359886,174.0,1318.0,1487.8202247191011,1435.0,754.8074620454544,300.0,2596.0,588085.7862833596,468308.1052514472,458704.8487738582,28966.727828686002,1353059.193049148,0.0,0.0,0.0,0.0,0.0
782.3033707865169,818.0,354.91791753993624,278.0,1359.0,1545.370786516854,1794.0,735.1724766220016,594.0,2595.0,618768.713301213,698269.6331762229,452060.82674058754,90864.47299566632,1353113.0365720973,0.0,0.0,0.0,0.0,0.0
707.9887640449438,618.0,324.1632441571952,148.0,1317.0,1417.3595505617977,1432.0,708.3102101971007,316.0,2596.0,537159.5646448272,466536.10423415445,426147.6180108845,32281.292821896022,1353113.0365720973,0.0,0.0,0.0,0.0,0.0
704.4157303370787,586.0,313.7344761901524,278.0,1316.0,1386.5842696629213,1128.0,715.4625094644623,594.0,2595.0,521071.3031510136,301602.6392679119,429129.67029255204,89611.84991349911,1353113.0365720973,0.0,0.0,0.0,0.0,0.0
728.5842696629213,620.0,330.1387453984016,132.0,1316.0,1499.3483146067415,1435.0,706.8070013121694,312.0,2595.0,585677.2598301085,468308.1052514472,428070.6756300875,31849.287446737995,1353113.0365720973,0.0,0.0,0.0,0.0,0.0
726.1685393258427,654.0,323.89116759866766,278.0,1316.0,1490.0786516853932,1522.0,685.9905693445376,594.0,2595.0,575178.3585662256,520765.8556299198,416383.86969128775,90702.48360651305,1353113.0365720973,0.0,0.0,0.0,0.0,0.0
733.3258426966293,619.0,355.7750449238704,148.0,1337.0,1447.1573033707866,1435.0,739.1034638748687,316.0,2594.0,561072.659906934,468308.1052514472,447424.38152831176,32281.292821896022,1353113.0365720973,0.0,0.0,0.0,0.0,0.0
754.7528089887641,587.0,353.02504226986173,132.0,1316.0,1440.2808988764045,1128.0,748.2167412470387,312.0,2595.0,558157.6910568867,302334.28260742634,458183.1662042025,31849.287446737995,1353113.0365720973,0.0,0.0,0.0,0.0,0.0
765.4494382022472,686.0,344.8267114459822,132.0,1316.0,1520.112359550562,1546.0,732.4031774518892,312.0,2595.0,603126.8520639488,535661.4943093383,444198.98304610065,31849.287446737995,1353113.0365720973,0.0,0.0,0.0,0.0,0.0
752.3033707865169,619.0,337.80582164122814,278.0,1317.0,1456.4494382022472,1432.0,740.4047179211577,594.0,2594.0,566418.186866077,466536.10423415445,447423.27576542593,90211.33887770797,1353113.0365720973,0.0,0.0,0.0,0.0,0.0
712.9887640449438,586.0,323.8076310036952,132.0,1341.0,1400.6741573033707,1129.0,724.381545984998,312.0,2596.0,531175.533486422,303243.9767564025,432875.92704254715,31849.287446737995,1353113.0365720973,0.0,0.0,0.0,0.0,0.0
770.1348314606741,852.0,334.3299248861965,132.0,1324.0,1490.6516853932585,1795.0,734.1082046980708,302.0,2595.0,585565.0791113684,698991.4504556672,433012.1263378466,29273.10493261223,1353113.0365720973,0.0,0.0,0.0,0.0,0.0
777.4831460674158,804.0,323.68534840509034,132.0,1324.0,1494.123595505618,1784.0,716.026234850242,312.0,2595.0,582947.6105111738,691753.0577617094,424886.01619356155,31849.287446737995,1353113.0365720973,0.0,0.0,0.0,0.0,0.0
760.314606741573,654.0,320.6446664864296,278.0,1319.0,1471.0449438202247,1522.0,715.2886729289808,594.0,2595.0,569090.1012610266,520765.8556299198,427454.5559274303,89611.84991349911,1353113.0365720973,0.0,0.0,0.0,0.0,0.0
748.2921348314607,619.0,334.518174452843,278.0,1319.0,1429.4157303370787,1435.0,727.3814635116994,594.0,2595.0,547119.542833371,468308.1052514472,434406.973364159,89544.56694010357,1353113.0365720973,0.0,0.0,0.0,0.0,0.0
719.2359550561798,619.0,321.52833843239864,132.0,1315.0,1398.8651685393259,1435.0,705.0317100369003,312.0,2595.0,525144.3258930973,468308.1052514472,418643.0179941457,31849.287446737995,1353113.0365720973,0.0,0.0,0.0,0.0,0.0
696.2134831460675,587.0,309.3092874839402,132.0,1318.0,1355.887640449438,1124.0,690.6300402848625,312.0,2596.0,497880.3058564531,300757.2537676709,409039.4704866367,31849.287446737995,1353113.0365720973,0.0,0.0,0.0,0.0,0.0
710.8876404494382,619.0,315.25945933655044,132.0,1315.0,1395.2696629213483,1435.0,699.6058402960132,302.0,2595.0,522527.0988149697,468308.1052514472,407388.9637483645,29273.10493261223,1353113.0365720973,0.0,0.0,0.0,0.0,0.0
711.0898876404494,621.0,328.7999849794086,132.0,1314.0,1422.3932584269662,1432.0,702.5590081655428,300.0,2594.0,539221.1208480098,466536.10423415445,410822.09014425124,27014.094589957494,1353113.0365720973,0.0,0.0,0.0,0.0,0.0
765.1123595505618,656.0,327.9598645697211,172.0,1320.0,1471.3483146067415,1524.0,739.9812493999099,300.0,2595.0,575403.0259752139,521955.1604365801,437940.97740119457,27014.094589957494,1353113.0365720973,0.0,0.0,0.0,0.0,0.0
754.2471910112359,619.0,338.76004171521777,132.0,1317.0,1443.5168539325844,1433.0,737.6447504089164,302.0,2595.0,557962.8840139162,467101.56499667926,442061.7751209237,29273.10493261223,1353113.0365720973,0.0,0.0,0.0,0.0,0.0
730.7528089887641,676.0,360.8461429703856,132.0,1315.0,1443.7752808988764,1545.0,768.805709632965,300.0,2596.0,567361.1332549198,534788.5447669787,448652.40438654646,29006.186613065598,1353113.0365720973,0.0,0.0,0.0,0.0,0.0
689.2247191011236,586.0,331.35505763519996,132.0,1315.0,1280.6067415730338,899.0,717.2355264513809,312.0,2596.0,462058.0340890815,195279.67940536494,428317.55175033037,31849.287446737995,1353113.0365720973,0.0,0.0,0.0,0.0,0.0
578.3483146067416,533.0,273.24619927550276,132.0,1288.0,1111.3370786516855,899.0,603.3753363291726,300.0,2594.0,354471.7444313424,195097.73690011242,332583.42340139917,28966.727828686002,1353113.0365720973,0.0,0.0,0.0,0.0,0.0
687.2247191011236,586.0,342.4202278234653,132.0,1318.0,1343.685393258427,1125.0,714.0311514858865,300.0,2595.0,496668.3230923652,301253.8919098408,422567.10515874083,29006.186613065598,1353113.0365720973,0.0,0.0,0.0,0.0,0.0
631.0112359550562,516.0,330.49501498499654,132.0,1299.0,1234.7640449438202,724.0,710.588710233795,300.0,2595.0,438699.2604430343,134963.9611231718,408438.7140841254,29006.186613065598,1353113.0365720973,0.0,0.0,0.0,0.0,0.0
645.3033707865169,519.0,354.07557767761796,132.0,1288.0,1269.0337078651685,900.0,719.1656752979115,300.0,2594.0,458503.63875157275,195279.67940536494,409658.5282967384,29006.186613065598,1353113.0365720973,0.0,0.0,0.0,0.0,0.0
636.370786516854,529.0,343.4105997860998,132.0,1297.0,1200.2921348314608,899.0,723.5720568117686,300.0,2595.0,423965.88006887655,193802.7224174213,403962.25170414615,28927.041613015288,1353113.0365720973,0.0,0.0,0.0,0.0,0.0
678.2584269662922,586.0,351.5700108674598,132.0,1327.0,1320.0898876404494,1129.0,751.8036087154115,300.0,2595.0,493826.9103837163,303209.85381823155,429460.34608446225,29006.186613065598,1353113.0365720973,0.0,0.0,0.0,0.0,0.0
671.8202247191011,586.0,310.1430102097611,132.0,1308.0,1293.4606741573034,1125.0,669.7113256392139,300.0,2595.0,459198.1994160268,301219.76897166984,390110.29574917996,29006.186613065598,1353113.0365720973,0.0,0.0,0.0,0.0,0.0
700.123595505618,586.0,332.87109291651007,132.0,1288.0,1343.370786516854,1124.0,709.8032071316933,300.0,2594.0,495297.63027484674,300757.2537676709,409288.8472064317,29006.186613065598,1353113.0365720973,0.0,0.0,0.0,0.0,0.0
680.5280898876405,586.0,335.1620131423829,132.0,1307.0,1311.6067415730338,1125.0,724.9564205108776,300.0,2595.0,482353.13808277866,301219.76897166984,410973.7244096103,28966.727828686002,1353113.0365720973,0.0,0.0,0.0,0.0,0.0
705.0224719101124,643.0,352.64104605133787,132.0,1288.0,1387.8314606741574,1437.0,742.5042539272847,296.0,2594.0,529231.047829303,469478.65689371614,417024.50549648475,27914.913548486522,1353113.0365720973,0.0,0.0,0.0,0.0,0.0
651.4943820224719,586.0,306.87713471540195,132.0,1288.0,1259.9662921348315,900.0,682.6564347111539,303.0,2594.0,445002.99340571254,195279.67940536494,389101.0043066908,29870.640225944277,1353113.0365720973,0.0,0.0,0.0,0.0,0.0
742.438202247191,643.0,302.6737018251559,148.0,1288.0,1465.2134831460673,1437.0,671.1984999499468,316.0,2594.0,556374.0224001197,469441.2921386058,396010.0757348297,32281.292821896022,1353113.0365720973,0.0,0.0,0.0,0.0,0.0
718.2921348314607,586.0,300.03629751378344,132.0,1288.0,1362.6629213483145,1129.0,698.087563224374,312.0,2594.0,503175.37330924475,303107.2874119804,404013.7499728972,31849.287446737995,1353113.0365720973,0.0,0.0,0.0,0.0,0.0
704.7528089887641,617.0,344.4652354696563,132.0,1288.0,1375.5955056179776,1129.0,732.8539520504615,297.0,2594.0,519665.52619738784,303243.9767564025,412311.74186599476,28411.398839444562,1353113.0365720973,0.0,0.0,0.0,0.0,0.0
676.5056179775281,537.0,321.88937047123954,132.0,1337.0,1291.6179775280898,1125.0,706.6206888275036,297.0,2594.0,466720.6867127981,300757.2537676709,410344.31880961603,28411.398839444562,1353113.0365720973,0.0,0.0,0.0,0.0,0.0
658.4831460674158,586.0,280.1183181940358,132.0,1288.0,1252.1797752808989,1124.0,630.2096951139993,299.0,2594.0,428811.1595116399,300068.5696836042,366190.1603094094,28794.386302640727,1353113.0365720973,0.0,0.0,0.0,0.0,0.0
697.2359550561798,586.0,311.9609966427455,132.0,1315.0,1341.6741573033707,1124.0,693.476760549366,312.0,2595.0,490294.8534779306,300757.2537676709,418825.6612234013,31849.287446737995,1353113.0365720973,0.0,0.0,0.0,0.0,0.0
754.2247191011236,658.0,321.7292724982053,278.0,1296.0,1488.1011235955057,1521.0,690.5434929218543,594.0,2594.0,573884.873570529,519825.49495362607,419369.52082884416,90669.98168502894,1353113.0365720973,0.0,0.0,0.0,0.0,0.0
776.6404494382023,660.0,340.00711318372197,174.0,1314.0,1548.4044943820224,1523.0,713.3576993141742,300.0,2595.0,616127.5318605949,521168.04331867205,431763.677737706,28966.727828686002,1353113.0365720973,0.0,0.0,0.0,0.0,0.0
740.438202247191,586.0,355.3989040676665,132.0,1315.0,1437.752808988764,1125.0,761.8723282247371,312.0,2595.0,561074.1576257382,301253.8919098408,456922.0340148326,31849.287446737995,1353113.0365720973,0.0,0.0,0.0,0.0,0.0
740.8876404494382,660.0,349.2343290525926,132.0,1290.0,1466.5280898876404,1524.0,739.5647078357152,309.0,2595.0,573246.776509839,521801.2514317659,433802.48199388565,30959.709459956775,1353113.0365720973,0.0,0.0,0.0,0.0,0.0
729.1910112359551,586.0,355.2328837776071,132.0,1288.0,1401.2134831460673,1125.0,747.2009412198153,312.0,2594.0,536192.1943299313,301253.8919098408,445880.0910437711,31849.287446737995,1353113.0365720973,0.0,0.0,0.0,0.0,0.0
746.1123595505618,586.0,351.3204765779698,132.0,1321.0,1400.561797752809,901.0,759.9587800036481,299.0,2596.0,538201.9751896756,195279.67940536494,456990.1895488589,28833.845087020323,1353113.0365720973,0.0,0.0,0.0,0.0,0.0
677.9775280898876,586.0,349.5930210886506,132.0,1288.0,1290.5056179775281,899.0,734.4343099191486,118.0,2594.0,472405.32892947545,195279.67940536494,428016.38882660196,3376.8118399911446,1353113.0365720973,0.0,0.0,0.0,0.0,0.0
647.9550561797753,586.0,319.78433428165795,132.0,1288.0,1284.2921348314608,899.0,701.6795132938837,299.0,2594.0,462574.5033536553,195279.67940536494,407209.80474273476,28833.845087020323,1353113.0365720973,0.0,0.0,0.0,0.0,0.0
678.7415730337078,586.0,329.1830721851534,132.0,1288.0,1353.752808988764,1129.0,703.0454023553589,312.0,2594.0,500400.4781766779,303243.9767564025,410473.1861578772,31849.287446737995,1353113.0365720973,0.0,0.0,0.0,0.0,0.0
654.1685393258427,517.0,352.7713470222446,132.0,1288.0,1253.5280898876404,899.0,758.7930701899311,299.0,2594.0,459961.09248417255,195279.67940536494,434335.6836178647,28833.845087020323,1353113.0365720973,0.0,0.0,0.0,0.0,0.0
681.1348314606741,532.0,331.79658012782795,132.0,1288.0,1314.8426966292134,1124.0,694.3655239667556,312.0,2594.0,475982.9972128772,300757.2537676709,411342.49578622635,31849.287446737995,1353113.0365720973,0.0,0.0,0.0,0.0,0.0
681.8089887640449,520.0,313.88843922443635,132.0,1289.0,1308.573033707865,900.0,700.0455825871522,300.0,2594.0,474081.40632676566,195460.84735173231,410660.17530145997,29006.186613065598,1353113.0365720973,0.0,0.0,0.0,0.0,0.0
650.438202247191,517.0,321.79740835459563,132.0,1314.0,1213.426966292135,898.0,687.6255495191193,312.0,2595.0,420516.03906042606,194064.69654629828,411227.7751060511,31849.287446737995,1353113.0365720973,0.0,0.0,0.0,0.0,0.0
732.6179775280899,586.0,338.7010383578321,132.0,1333.0,1402.3932584269662,1128.0,732.1017860400905,298.0,2595.0,533334.7087288537,302916.045104466,428686.2794119134,28622.505275235097,1353113.0365720973,0.0,0.0,0.0,0.0,0.0
706.9662921348314,586.0,302.5197346868726,132.0,1288.0,1365.2921348314608,1126.0,710.5799530759505,310.0,2594.0,507904.08161139826,300757.2537676709,416192.6660609858,31173.503814243257,1353113.0365720973,0.0,0.0,0.0,0.0,0.0
705.0449438202247,614.0,295.92604261733055,132.0,1288.0,1397.0337078651685,1129.0,673.9479600060854,312.0,2594.0,517620.3261698297,303243.9767564025,401612.55425477226,31849.287446737995,1353113.0365720973,0.0,0.0,0.0,0.0,0.0
661.685393258427,586.0,332.44482842111785,172.0,1288.0,1275.2696629213483,899.0,710.5098306263892,40.0,2594.0,459162.7229872126,195279.67940536494,412665.9324776848,1e-05,1353113.0365720973,0.0,0.0,0.0,0.0,0.0
760.6516853932584,621.0,317.0523687336705,278.0,1315.0,1483.6179775280898,1435.0,708.9250052351059,594.0,2595.0,575083.7726075011,468270.7706170666,428831.82982442615,90211.33887770797,1353113.0365720973,0.0,0.0,0.0,0.0,0.0
703.4157303370787,586.0,354.09802518222233,148.0,1289.0,1323.2359550561798,899.0,753.9999854330746,299.0,2595.0,494138.9857121784,195279.67940536494,448807.2615147641,28833.845087020323,1353113.0365720973,0.0,0.0,0.0,0.0,0.0
759.4943820224719,654.0,317.90946784221325,172.0,1321.0,1482.7191011235955,1521.0,727.79514633474,299.0,2595.0,579308.5565054704,519825.49495362607,439325.6274605515,28833.845087020323,1353113.0365720973,0.0,0.0,0.0,0.0,0.0
745.1797752808989,633.0,334.7198916752567,278.0,1316.0,1455.2921348314608,1415.0,732.9896178158183,594.0,2594.0,564077.7327641281,455777.9187618884,445458.05612950434,90799.7814321739,1353113.0365720973,0.0,0.0,0.0,0.0,0.0
684.8089887640449,587.0,297.2567035146065,278.0,1289.0,1325.0224719101125,901.0,666.0082831338349,594.0,2595.0,474981.8287181329,195279.67940536494,400435.0513177194,89443.3920050215,1353113.0365720973,0.0,0.0,0.0,0.0,0.0
673.9101123595506,554.0,314.81139852189784,132.0,1315.0,1281.1685393258426,724.0,727.2334561090979,312.0,2595.0,465817.355761302,134963.9611231718,427628.6918859423,31849.287446737995,1353113.0365720973,0.0,0.0,0.0,0.0,0.0
750.7752808988764,654.0,334.6155181801101,174.0,1339.0,1450.3595505617977,1522.0,736.2431853856199,300.0,2594.0,561921.7678598036,520765.8556299198,440723.5240867491,28966.727828686002,1353113.0365720973,0.0,0.0,0.0,0.0,0.0
721.2584269662922,587.0,333.4398359925506,132.0,1394.0,1378.3033707865168,901.0,748.2296019135096,312.0,2595.0,523469.210168141,195279.67940536494,445690.7621568463,31849.287446737995,1353113.0365720973,0.0,0.0,0.0,0.0,0.0
719.2471910112359,586.0,339.7662871855298,132.0,1424.0,1380.6966292134832,901.0,729.5049946228258,312.0,2594.0,520124.0283760381,195460.84735173231,436321.82429940917,31849.287446737995,1353113.0365720973,0.0,0.0,0.0,0.0,0.0
714.2471910112359,608.0,309.91489520090914,132.0,1288.0,1381.247191011236,1128.0,724.6036387423309,299.0,2594.0,520500.55548092496,302745.9258284936,416820.54394628905,28794.386302640727,1353113.0365720973,0.0,0.0,0.0,0.0,0.0
692.9101123595506,618.0,290.3757983712876,132.0,1301.0,1332.2247191011236,1125.0,665.9774897975576,312.0,2595.0,479295.5533315083,301014.3404356855,390739.0650784663,31849.287446737995,1353113.0365720973,0.0,0.0,0.0,0.0,0.0
704.9213483146067,608.0,314.5505523658918,132.0,1288.0,1399.6516853932585,1129.0,690.9014482986734,300.0,2594.0,523044.72496390383,303243.9767564025,406884.3617393891,29006.186613065598,1353113.0365720973,0.0,0.0,0.0,0.0,0.0
696.6067415730337,586.0,322.1978461898569,132.0,1288.0,1330.7303370786517,900.0,711.8521934077586,309.0,2594.0,488492.5570480883,195279.67940536494,420303.9552861419,30959.709459956775,1353113.0365720973,0.0,0.0,0.0,0.0,0.0
718.5955056179776,586.0,320.0794746499064,132.0,1288.0,1397.6629213483145,1128.0,703.9999352627049,312.0,2594.0,524174.2957873494,302745.9258284936,418358.01700113574,31849.287446737995,1353113.0365720973,0.0,0.0,0.0,0.0,0.0
707.1011235955057,586.0,345.78596500471673,132.0,1288.0,1382.112359550562,1124.0,746.5513587125511,300.0,2594.0,526009.5722839952,300757.2537676709,437776.4462586658,29006.186613065598,1353113.0365720973,0.0,0.0,0.0,0.0,0.0
804.8988764044943,856.0,311.2768934257087,132.0,1289.0,1614.1348314606741,2017.0,698.7406358603309,312.0,2595.0,654183.056463056,865133.3442818789,425919.297959908,31849.287446737995,1353113.0365720973,0.0,0.0,0.0,0.0,0.0
716.0,586.0,372.32554922640156,132.0,1440.0,1394.1685393258426,899.0,795.2354359312641,299.0,2899.0,545126.2625716192,195279.67940536494,471127.0118880535,28833.845087020323,1653062.760574642,0.0,0.0,0.0,0.0,0.0
734.5842696629213,668.0,362.11224310493714,132.0,1440.0,1443.5168539325844,1545.0,755.4246534362748,300.0,2899.0,563131.1523448674,534866.1398626931,449522.6260807217,29006.186613065598,1653062.760574642,0.0,0.0,0.0,0.0,0.0
706.3258426966293,586.0,374.5043398521706,132.0,1440.0,1350.876404494382,901.0,795.6799624859729,311.0,2899.0,520742.04464137665,195279.67940536494,467043.0557135662,29340.50577040299,1653062.760574642,0.0,0.0,0.0,0.0,0.0
718.056179775281,587.0,339.91540122492285,132.0,1440.0,1365.4494382022472,901.0,733.6246324763698,300.0,2899.0,512395.6255170394,195279.67940536494,440610.65589659015,28966.727828686002,1653062.760574642,0.0,0.0,0.0,0.0,0.0
796.0224719101124,880.0,376.63137217476884,132.0,1440.0,1564.6516853932585,2022.0,758.8915053412984,300.0,2899.0,636725.8835476922,868198.7595614641,448641.8563905086,28966.727828686002,1653062.760574642,0.0,0.0,0.0,0.0,0.0
717.8314606741573,586.0,365.58176619502086,132.0,1440.0,1392.5393258426966,1128.0,769.8872390246695,300.0,2899.0,537372.97769716,302745.9258284936,457425.3481121714,28966.727828686002,1653062.760574642,0.0,0.0,0.0,0.0,0.0
693.6741573033707,536.0,385.80972125848297,132.0,1440.0,1337.4606741573034,899.0,792.0971177570942,300.0,2899.0,512014.4239768648,195170.60663819904,479678.207885208,29006.186613065598,1653119.6716892635,0.0,0.0,0.0,0.0,0.0
713.8426966292135,554.0,353.7541169451594,132.0,1439.0,1348.426966292135,1124.0,760.002378583511,298.0,2898.0,509392.24883937,300757.2537676709,459564.8803016836,28582.819059564383,1653119.6716892635,0.0,0.0,0.0,0.0,0.0
756.0337078651686,586.0,380.26352333399865,132.0,1444.0,1453.5280898876404,1125.0,796.7662323330721,312.0,2915.0,578183.0615216453,300757.2537676709,496828.3621887774,31849.287446737995,1669818.4847250178,0.0,0.0,0.0,0.0,0.0
764.2247191011236,586.0,382.8127641846258,132.0,1444.0,1458.8426966292134,1128.0,821.1910628912758,300.0,2915.0,588009.813117246,302745.9258284936,504826.58866701386,28966.727828686002,1669875.4748554574,0.0,0.0,0.0,0.0,0.0
754.1910112359551,587.0,392.7356338829586,132.0,1460.0,1439.2134831460673,1124.0,825.3791430038957,299.0,2930.0,577750.460068455,300757.2537676709,503607.07976220996,28833.845087020323,1685962.2953522236,0.0,0.0,0.0,0.0,0.0
698.561797752809,586.0,377.6087373732079,132.0,1460.0,1322.8202247191011,899.0,811.1181568119788,299.0,2930.0,509042.3661496085,195243.35276335006,487176.7355416767,28833.845087020323,1685962.2953522236,0.0,0.0,0.0,0.0,0.0
790.2359550561798,736.0,358.0433098675938,132.0,1460.0,1533.0,1677.0,768.0377448589945,300.0,2930.0,618931.0921217697,620370.5992308212,468004.3783192151,29006.186613065598,1685962.2953522236,0.0,0.0,0.0,0.0,0.0
793.123595505618,852.0,402.25451220504607,132.0,1460.0,1547.9887640449438,1956.0,824.4853416073804,303.0,2930.0,643505.8444117572,816484.7541521902,490653.1136675559,29870.640225944277,1685962.2953522236,0.0,0.0,0.0,0.0,0.0
818.4494382022472,854.0,359.431980445675,132.0,1460.0,1593.258426966292,1956.0,778.299161570213,300.0,2930.0,659168.2556371625,817900.5307942715,474451.6810594684,28966.727828686002,1685962.2953522236,0.0,0.0,0.0,0.0,0.0
754.2471910112359,587.0,365.0474582321763,132.0,1460.0,1432.8314606741574,1124.0,792.6741716373838,300.0,2930.0,565495.2776736431,300757.2537676709,478624.2428699845,28966.727828686002,1685962.2953522236,0.0,0.0,0.0,0.0,0.0
786.4831460674158,633.0,406.82613994544556,132.0,1495.0,1503.6516853932585,1129.0,852.554378655447,300.0,2930.0,623357.4424443613,303243.9767564025,519636.2749231222,28966.727828686002,1685962.2953522236,0.0,0.0,0.0,0.0,0.0
814.8988764044943,852.0,381.28944577500664,132.0,1460.0,1543.056179775281,1956.0,831.1339939774792,300.0,2930.0,641133.4946548489,817817.8394618368,504354.8618115024,28966.727828686002,1685962.2953522236,0.0,0.0,0.0,0.0,0.0
787.5056179775281,587.0,396.9063547775726,132.0,1460.0,1488.5280898876404,1124.0,841.5865446478493,299.0,2930.0,610587.908118781,300757.2537676709,520265.56905847485,28794.386302640727,1685962.2953522236,0.0,0.0,0.0,0.0,0.0
846.7303370786517,906.0,394.6957230560812,132.0,1460.0,1619.9662921348315,2026.0,835.5937598187587,300.0,2930.0,690612.6666322835,871658.7188584148,507721.18137732643,29006.186613065598,1685962.2953522236,0.0,0.0,0.0,0.0,0.0
802.9662921348314,818.0,354.35744822279497,172.0,1460.0,1550.9213483146068,1791.0,774.6406375923084,300.0,2930.0,631647.8059801813,696191.9668574659,474325.6318118526,29006.186613065598,1685962.2953522236,0.0,0.0,0.0,0.0,0.0
811.8876404494382,854.0,401.5050740077678,132.0,1460.0,1535.2247191011236,1959.0,854.9694225797022,299.0,2930.0,643193.3502469216,820221.958533471,513380.98790733144,28833.845087020323,1685962.2953522236,0.0,0.0,0.0,0.0,0.0
843.314606741573,880.0,403.1005003496631,132.0,1460.0,1637.247191011236,2021.0,865.7428359494103,300.0,2930.0,710886.035078977,866802.945212891,527226.0987005674,29006.186613065598,1685962.2953522236,0.0,0.0,0.0,0.0,0.0
804.3258426966293,716.0,407.30105849789214,132.0,1460.0,1531.2359550561798,1677.0,870.7287535752679,300.0,2930.0,644950.2845251431,619562.2740059922,533411.8820374357,29006.186613065598,1685962.2953522236,0.0,0.0,0.0,0.0,0.0
784.7752808988764,716.0,396.5373936434058,132.0,1460.0,1512.1685393258426,1677.0,839.0646107617088,300.0,2930.0,625488.4296667961,620370.5992308212,499703.1679879884,29006.186613065598,1685962.2953522236,0.0,0.0,0.0,0.0,0.0
790.685393258427,774.0,342.502902325294,132.0,1460.0,1542.314606741573,1677.0,761.6380424874872,244.0,2930.0,623376.5514537798,620370.5992308212,472896.85987735714,16976.22609476954,1685962.2953522236,0.0,0.0,0.0,0.0,0.0
834.4157303370787,880.0,378.6683589167325,132.0,1460.0,1633.9101123595506,1962.0,820.526395037917,296.0,2930.0,696650.8133093113,822546.2320317796,497434.29790142056,28160.390173212545,1685962.2953522236,0.0,0.0,0.0,0.0,0.0
933.9775280898876,1110.0,357.2849232040807,132.0,1460.0,1804.2696629213483,2132.0,780.371875685279,300.0,2930.0,799099.6118332107,945545.6211587378,486779.0777517903,29006.186613065598,1685962.2953522236,0.0,0.0,0.0,0.0,0.0
777.7078651685393,716.0,401.95732352843027,132.0,1460.0,1501.6067415730338,1676.0,848.6772075713949,300.0,2930.0,621620.8650313495,619687.00978278,512763.6722960619,29006.186613065598,1685962.2953522236,0.0,0.0,0.0,0.0,0.0
801.0786516853933,716.0,378.6183404782402,132.0,1460.0,1538.7977528089887,1674.0,785.8522201438782,300.0,2930.0,626573.085286863,617512.4843542958,479513.7292615808,29006.186613065598,1685962.2953522236,0.0,0.0,0.0,0.0,0.0
800.6516853932584,736.0,366.8704605943493,132.0,1460.0,1549.2022471910113,1677.0,777.447641645769,302.0,2930.0,631522.6819352403,620370.5992308212,470024.549986683,29273.10493261223,1685962.2953522236,0.0,0.0,0.0,0.0,0.0
782.7191011235955,736.0,375.39142085113,132.0,1460.0,1532.9325842696628,1674.0,797.6766092742154,302.0,2930.0,627181.9048977573,618160.0364990184,484865.69937024935,29273.10493261223,1685962.2953522236,0.0,0.0,0.0,0.0,0.0
743.370786516854,619.0,404.72108253980343,132.0,1460.0,1409.6629213483145,1128.0,867.8036714722284,300.0,2930.0,572985.6247653712,302745.9258284936,527593.1019730633,29006.186613065598,1685962.2953522236,0.0,0.0,0.0,0.0,0.0
786.4943820224719,620.0,379.1680758499049,132.0,1460.0,1547.5056179775281,1435.0,819.8906493763242,300.0,2930.0,641880.5592686984,468308.1052514472,510978.44746422843,28887.129262011,1685962.2953522236,0.0,0.0,0.0,0.0,0.0
793.4719101123595,716.0,360.59473625900284,132.0,1460.0,1563.561797752809,1677.0,759.4050148096971,304.0,2930.0,635937.8160202082,619562.2740059922,471137.7609835368,29700.151573798776,1685962.2953522236,0.0,0.0,0.0,0.0,0.0
695.3483146067416,537.0,398.40463032380984,132.0,1473.0,1376.752808988764,1128.0,825.0458656763499,300.0,2930.0,543967.044805725,302057.2417444269,492937.87443542824,28927.041613015288,1685962.2953522236,0.0,0.0,0.0,0.0,0.0
804.2359550561798,854.0,383.20757488443127,132.0,1460.0,1577.0224719101125,1980.0,829.3036740330265,302.0,2930.0,662955.703824697,836023.7227616331,508154.9503855119,29273.10493261223,1685962.2953522236,0.0,0.0,0.0,0.0,0.0
704.9550561797753,537.0,382.89262466780013,132.0,1460.0,1359.7303370786517,1128.0,836.0568869958221,302.0,2930.0,537314.8575322079,302057.2417444269,494221.91019500204,29273.10493261223,1685962.2953522236,0.0,0.0,0.0,0.0,0.0
718.4157303370787,586.0,411.45387085607075,132.0,1460.0,1428.9775280898875,1125.0,858.7305626739357,300.0,2930.0,583022.3976458741,300757.2537676709,519070.21751918626,28966.727828686002,1685962.2953522236,0.0,0.0,0.0,0.0,0.0
788.8539325842696,788.0,364.4751976137005,132.0,1460.0,1554.1797752808989,1788.0,767.4381366100756,302.0,2930.0,632705.2977019193,693601.0242786569,463471.4039127895,29273.10493261223,1685962.2953522236,0.0,0.0,0.0,0.0,0.0
844.9775280898876,880.0,397.49193978198156,132.0,1460.0,1670.0337078651685,2019.0,841.9354701771576,304.0,2930.0,725607.0412925459,865483.3806846883,524738.7875318417,29700.151573798776,1685962.2953522236,0.0,0.0,0.0,0.0,0.0
819.0224719101124,882.0,439.6186799542032,132.0,1460.0,1613.8426966292134,2024.0,930.8778857492522,301.0,2930.0,716001.4245742359,869979.5077235008,561546.1349111034,28979.432946192243,1685962.2953522236,0.0,0.0,0.0,0.0,0.0
813.6516853932584,880.0,412.1087208226226,132.0,1460.0,1628.752808988764,2024.0,871.7210057870074,300.0,2930.0,708568.4405208662,869979.5077235008,524038.3297975431,28927.041613015288,1685962.2953522236,0.0,0.0,0.0,0.0,0.0
826.6966292134831,882.0,407.4081244603232,132.0,1460.0,1669.5056179775281,2024.0,871.5086122376493,299.0,2930.0,735460.3156896074,869711.767305641,522041.86191001686,28634.28970287198,1685962.2953522236,0.0,0.0,0.0,0.0,0.0
869.370786516854,900.0,401.91531284231286,132.0,1460.0,1729.5505617977528,2026.0,852.2336944262499,300.0,2930.0,768963.2224601259,870863.4787013523,513851.98887356697,29006.186613065598,1685962.2953522236,0.0,0.0,0.0,0.0,0.0
817.5505617977528,880.0,431.93759982216625,132.0,1460.0,1628.2134831460673,2023.0,888.9198276801592,300.0,2930.0,712939.9715191828,868993.3714736771,532764.310271867,28927.041613015288,1685962.2953522236,0.0,0.0,0.0,0.0,0.0
813.6179775280899,878.0,405.06003177273595,132.0,1460.0,1617.0,2022.0,838.9346775872523,302.0,2930.0,692017.6778335855,867674.6116518067,489785.3505655296,29273.10493261223,1685962.2953522236,0.0,0.0,0.0,0.0,0.0
741.0674157303371,854.0,395.03852173853437,132.0,1460.0,1479.943820224719,1961.0,831.9745345004955,302.0,2930.0,606194.6234078358,821771.1580573393,482423.55302269117,29273.10493261223,1685962.2953522236,0.0,0.0,0.0,0.0,0.0
774.2134831460675,876.0,376.3005454319221,132.0,1460.0,1519.9775280898875,2021.0,807.5914944864905,300.0,2930.0,623056.1063397989,868378.9594135623,465033.34184840287,29006.186613065598,1685962.2953522236,0.0,0.0,0.0,0.0,0.0
737.629213483146,619.0,398.8247448743627,132.0,1460.0,1416.2134831460673,1435.0,831.7081444659622,297.0,2930.0,567934.1238010792,468308.1052514472,476407.42819286,28371.486488440278,1685962.2953522236,0.0,0.0,0.0,0.0,0.0
777.6179775280899,619.0,396.7929442110644,132.0,1460.0,1488.0674157303372,1435.0,832.1223683476833,302.0,2930.0,609205.2212362662,468308.1052514472,489310.1498128856,29273.10493261223,1685962.2953522236,0.0,0.0,0.0,0.0,0.0
809.4269662921348,878.0,366.9241383689044,132.0,1460.0,1579.426966292135,1954.0,782.4956745063411,304.0,2930.0,652060.6078847145,815206.1547820395,470246.70861945173,29700.151573798776,1685962.2953522236,0.0,0.0,0.0,0.0,0.0
807.4157303370787,864.0,369.3061459216159,132.0,1460.0,1542.6629213483145,1954.0,796.6717698336579,302.0,2930.0,632312.7890723725,815206.1547820395,476965.5800707261,29273.10493261223,1685962.2953522236,0.0,0.0,0.0,0.0,0.0
748.3595505617977,878.0,417.8712840687144,132.0,1460.0,1453.370786516854,2018.0,865.4385831294122,304.0,2930.0,599551.5449110371,864590.4128606269,489604.3976113269,29700.151573798776,1685962.2953522236,0.0,0.0,0.0,0.0,0.0
770.9775280898876,654.0,363.32076327001073,132.0,1460.0,1496.5955056179776,1522.0,780.7689917041831,302.0,2930.0,601107.0895326125,520765.8556299198,459675.0757299695,29273.10493261223,1685962.2953522236,0.0,0.0,0.0,0.0,0.0
797.685393258427,872.0,386.60032479934324,132.0,1460.0,1548.0898876404494,2021.0,828.2335831905795,302.0,2930.0,645209.596066061,868568.5867934497,481905.97742085124,29273.10493261223,1685962.2953522236,0.0,0.0,0.0,0.0,0.0
737.6404494382023,716.0,419.47236110932204,132.0,1460.0,1476.685393258427,1677.0,847.4556843739113,302.0,2930.0,608481.977449597,620370.5992308212,485837.0876388185,29273.10493261223,1685962.2953522236,0.0,0.0,0.0,0.0,0.0
